{
  "v": "4.8.0",
  "meta": {
    "g": "LottieFiles AE 2.0.4",
    "a": "",
    "k": "",
    "d": "",
    "tc": ""
  },
  "fr": 60,
  "ip": 0,
  "op": 121,
  "w": 512,
  "h": 512,
  "nm": "Lottie Loader V2",
  "ddd": 0,
  "assets": [],
  "layers": [
    {
      "ddd": 0,
      "ind": 2,
      "ty": 4,
      "nm": "White Line",
      "sr": 1,
      "ks": {
        "o": {
          "a": 0,
          "k": 100,
          "ix": 11
        },
        "r": {
          "a": 1,
          "k": [
            {
              "i": {
                "x": [
                  0.377
                ],
                "y": [
                  0.989
                ]
              },
              "o": {
                "x": [
                  0.568
                ],
                "y": [
                  0.001
                ]
              },
              "t": 0,
              "s": [
                0
              ]
            },
            {
              "t": 121,
              "s": [
                810
              ]
            }
          ],
          "ix": 10
        },
        "p": {
          "a": 0,
          "k": [
            256,
            256,
            0
          ],
          "ix": 2
        },
        "a": {
          "a": 0,
          "k": [
            479.5,
            -90,
            0
          ],
          "ix": 1
        },
        "s": {
          "a": 0,
          "k": [
            70,
            70,
            100
          ],
          "ix": 6
        }
      },
      "ao": 0,
      "shapes": [
        {
          "ty": "gr",
          "it": [
            {
              "ind": 0,
              "ty": "sh",
              "ix": 1,
              "ks": {
                "a": 1,
                "k": [
                  {
                    "i": {
                      "x": 0.833,
                      "y": 0.833
                    },
                    "o": {
                      "x": 0.221,
                      "y": 0
                    },
                    "t": 20,
                    "s": [
                      {
                        "i": [
                          [
                            -216,
                            0
                          ],
                          [
                            -209,
                            0
                          ]
                        ],
                        "o": [
                          [
                            214,
                            0
                          ],
                          [
                            193,
                            0
                          ]
                        ],
                        "v": [
                          [
                            300,
                            64
                          ],
                          [
                            659,
                            -244
                          ]
                        ],
                        "c": false
                      }
                    ]
                  },
                  {
                    "i": {
                      "x": 0.297,
                      "y": 0.671
                    },
                    "o": {
                      "x": 0.167,
                      "y": 0.167
                    },
                    "t": 35,
                    "s": [
                      {
                        "i": [
                          [
                            -123.93,
                            -92.07
                          ],
                          [
                            -32.416,
                            202.293
                          ]
                        ],
                        "o": [
                          [
                            42.889,
                            191.602
                          ],
                          [
                            35.46,
                            -164.385
                          ]
                        ],
                        "v": [
                          [
                            308.891,
                            -66.42
                          ],
                          [
                            649.943,
                            -115.504
                          ]
                        ],
                        "c": false
                      }
                    ]
                  },
                  {
                    "i": {
                      "x": 0.297,
                      "y": 0.671
                    },
                    "o": {
                      "x": 0.581,
                      "y": 0.271
                    },
                    "t": 50,
                    "s": [
                      {
                        "i": [
                          [
                            -108,
                            -108
                          ],
                          [
                            -9.657,
                            227.036
                          ]
                        ],
                        "o": [
                          [
                            13.284,
                            224.753
                          ],
                          [
                            8.202,
                            -192.826
                          ]
                        ],
                        "v": [
                          [
                            310.429,
                            -88.985
                          ],
                          [
                            648.377,
                            -93.272
                          ]
                        ],
                        "c": false
                      }
                    ]
                  },
                  {
                    "i": {
                      "x": 0.833,
                      "y": 0.833
                    },
                    "o": {
                      "x": 0.581,
                      "y": 0.271
                    },
                    "t": 70,
                    "s": [
                      {
                        "i": [
                          [
                            -108,
                            -108
                          ],
                          [
                            -9.657,
                            227.036
                          ]
                        ],
                        "o": [
                          [
                            13.284,
                            224.753
                          ],
                          [
                            8.202,
                            -192.826
                          ]
                        ],
                        "v": [
                          [
                            310.429,
                            -88.985
                          ],
                          [
                            648.377,
                            -93.272
                          ]
                        ],
                        "c": false
                      }
                    ]
                  },
                  {
                    "i": {
                      "x": 0.333,
                      "y": 1
                    },
                    "o": {
                      "x": 0.167,
                      "y": 0.167
                    },
                    "t": 85,
                    "s": [
                      {
                        "i": [
                          [
                            -108,
                            -108
                          ],
                          [
                            -202.556,
                            52.765
                          ]
                        ],
                        "o": [
                          [
                            -2.689,
                            131.316
                          ],
                          [
                            1.522,
                            -1.124
                          ]
                        ],
                        "v": [
                          [
                            316.364,
                            -159.309
                          ],
                          [
                            632.735,
                            34.48
                          ]
                        ],
                        "c": false
                      }
                    ]
                  },
                  {
                    "t": 100,
                    "s": [
                      {
                        "i": [
                          [
                            -108,
                            -108
                          ],
                          [
                            -0.27,
                            -214.904
                          ]
                        ],
                        "o": [
                          [
                            -0.136,
                            211.569
                          ],
                          [
                            0.242,
                            193
                          ]
                        ],
                        "v": [
                          [
                            325.636,
                            -270.569
                          ],
                          [
                            633.77,
                            89.904
                          ]
                        ],
                        "c": false
                      }
                    ]
                  }
                ],
                "ix": 2
              },
              "nm": "Path 1",
              "mn": "ADBE Vector Shape - Group",
              "hd": false
            },
            {
              "ty": "st",
              "c": {
                "a": 0,
                "k": [
                  1,
                  1,
                  1,
                  1
                ],
                "ix": 3
              },
              "o": {
                "a": 0,
                "k": 100,
                "ix": 4
              },
              "w": {
                "a": 0,
                "k": 68,
                "ix": 5
              },
              "lc": 2,
              "lj": 2,
              "bm": 0,
              "nm": "Stroke 1",
              "mn": "ADBE Vector Graphic - Stroke",
              "hd": false
            },
            {
              "ty": "tr",
              "p": {
                "a": 0,
                "k": [
                  0,
                  0
                ],
                "ix": 2
              },
              "a": {
                "a": 0,
                "k": [
                  0,
                  0
                ],
                "ix": 1
              },
              "s": {
                "a": 0,
                "k": [
                  100,
                  100
                ],
                "ix": 3
              },
              "r": {
                "a": 0,
                "k": 0,
                "ix": 6
              },
              "o": {
                "a": 0,
                "k": 100,
                "ix": 7
              },
              "sk": {
                "a": 0,
                "k": 0,
                "ix": 4
              },
              "sa": {
                "a": 0,
                "k": 0,
                "ix": 5
              },
              "nm": "Transform"
            }
          ],
          "nm": "Shape 1",
          "np": 2,
          "cix": 2,
          "bm": 0,
          "ix": 1,
          "mn": "ADBE Vector Group",
          "hd": false
        },
        {
          "ty": "tm",
          "s": {
            "a": 0,
            "k": 0,
            "ix": 1
          },
          "e": {
            "a": 0,
            "k": 100,
            "ix": 2
          },
          "o": {
            "a": 0,
            "k": 0,
            "ix": 3
          },
          "m": 1,
          "ix": 2,
          "nm": "Trim Paths 1",
          "mn": "ADBE Vector Filter - Trim",
          "hd": false
        }
      ],
      "ip": 0,
      "op": 162,
      "st": 0,
      "bm": 0
    },
    {
      "ddd": 0,
      "ind": 3,
      "ty": 4,
      "nm": "Circle",
      "sr": 1,
      "ks": {
        "o": {
          "a": 0,
          "k": 100,
          "ix": 11
        },
        "r": {
          "a": 0,
          "k": 0,
          "ix": 10
        },
        "p": {
          "a": 0,
          "k": [
            256,
            256,
            0
          ],
          "ix": 2
        },
        "a": {
          "a": 0,
          "k": [
            0,
            0,
            0
          ],
          "ix": 1
        },
        "s": {
          "a": 1,
          "k": [
            {
              "i": {
                "x": [
                  0.667,
                  0.667,
                  0.667
                ],
                "y": [
                  1,
                  1,
                  1
                ]
              },
              "o": {
                "x": [
                  0.333,
                  0.333,
                  0.333
                ],
                "y": [
                  0,
                  0,
                  0
                ]
              },
              "t": 0,
              "s": [
                100,
                100,
                100
              ]
            },
            {
              "i": {
                "x": [
                  0.667,
                  0.667,
                  0.667
                ],
                "y": [
                  1,
                  1,
                  1
                ]
              },
              "o": {
                "x": [
                  0.333,
                  0.333,
                  0.333
                ],
                "y": [
                  0,
                  0,
                  0
                ]
              },
              "t": 60,
              "s": [
                94,
                94,
                100
              ]
            },
            {
              "t": 120,
              "s": [
                100,
                100,
                100
              ]
            }
          ],
          "ix": 6
        }
      },
      "ao": 0,
      "shapes": [
        {
          "ty": "gr",
          "it": [
            {
              "d": 1,
              "ty": "el",
              "s": {
                "a": 0,
                "k": [
                  512,
                  512
                ],
                "ix": 2
              },
              "p": {
                "a": 0,
                "k": [
                  0,
                  0
                ],
                "ix": 3
              },
              "nm": "Ellipse Path 1",
              "mn": "ADBE Vector Shape - Ellipse",
              "hd": false
            },
            {
              "ty": "fl",
              "c": {
                "a": 0,
                "k": [
                  0,
                  0.866666726505,
                  0.701960784314,
                  1
                ],
                "ix": 4
              },
              "o": {
                "a": 0,
                "k": 100,
                "ix": 5
              },
              "r": 1,
              "bm": 0,
              "nm": "Fill 1",
              "mn": "ADBE Vector Graphic - Fill",
              "hd": false
            },
            {
              "ty": "tr",
              "p": {
                "a": 0,
                "k": [
                  0,
                  0
                ],
                "ix": 2
              },
              "a": {
                "a": 0,
                "k": [
                  0,
                  0
                ],
                "ix": 1
              },
              "s": {
                "a": 0,
                "k": [
                  100,
                  100
                ],
                "ix": 3
              },
              "r": {
                "a": 0,
                "k": 0,
                "ix": 6
              },
              "o": {
                "a": 0,
                "k": 100,
                "ix": 7
              },
              "sk": {
                "a": 0,
                "k": 0,
                "ix": 4
              },
              "sa": {
                "a": 0,
                "k": 0,
                "ix": 5
              },
              "nm": "Transform"
            }
          ],
          "nm": "Ellipse 1",
          "np": 3,
          "cix": 2,
          "bm": 0,
          "ix": 1,
          "mn": "ADBE Vector Group",
          "hd": false
        }
      ],
      "ip": 0,
      "op": 164,
      "st": 0,
      "bm": 0
    }
  ],
  "markers": []
}